id,name,email,phone,category
1,Mritunjai Singh,mritunjai.singh@university.edu,+91-9876543210,Guests
2,Priya Sharma,priya.sharma@university.edu,+91-9876543211,College Students
3,Dr. Rajesh Kumar,rajesh.kumar@university.edu,+91-9876543212,Faculty
4,Anita Verma,anita.verma@gmail.com,+91-9876543213,Guests
5,Amit Patel,amit.patel@alumni.edu,+91-9876543214,Faculty
6,Sneha Gupta,sneha.gupta@university.edu,+91-9876543215,College Students
7,Prof. Sunita Rao,sunita.rao@university.edu,+91-9876543216,Faculty
8,Rahul Sharma,rahul.sharma@university.edu,+91-9876543217,Degree Students
9,Meera Joshi,meera.joshi@gmail.com,+91-9876543218,Guests
